id,description,en,en_CA,ru
appearance,Label,Appearance,Appearance,–í–Ω–µ—à–Ω–∏–π –≤–∏–¥
units,Label,Units,Units,–ï–¥–∏–Ω–∏—Ü—ã –∏–∑–º–µ—Ä–µ–Ω–∏—è
motto,App's motto,Every beat counts.,Every beat counts.,Every beat counts.
toLightMode,tooltip,Light,Light,–°–≤–µ—Ç–ª–∞—è
toDarkMode,tooltip,Dark,Dark,–¢–µ–º–Ω–∞—è
toSystemMode,tooltip,System,System,–°–∏—Å—Ç–µ–º–Ω–∞—è
email,Generic label,Email,Email,–≠–ª. –ø–æ—á—Ç–∞
yourEmail,Generic label,Your email,Your email,–í–∞—à email
cropAvatar,Label in the image cropper,Crop avatar,Crop avatar,–û–±—Ä–µ–∑–∞—Ç—å –∞–≤–∞—Ç–∞—Ä
nameOptional,Field hint,Name (optional),Name (optional),–ò–º—è (–Ω–µ–æ–±—è–∑–∞—Ç–µ–ª—å–Ω–æ)
name,Field hint,Name,Name,–ò–º—è
saveName,Hint,Save name,Save name,–°–æ—Ö—Ä–∞–Ω–∏—Ç—å –∏–º—è
changeName,Hint,Change name,Change name,–ò–∑–º–µ–Ω–∏—Ç—å –∏–º—è
save,Generic label,Save,Save,–°–æ—Ö—Ä–∞–Ω–∏—Ç—å
settings,Generic label,Settings,Settings,–ù–∞—Å—Ç—Ä–æ–π–∫–∏
archive,"CTA, verb",Archive,Archive,–ê—Ä—Ö–∏–≤–∏—Ä–æ–≤–∞—Ç—å
unarchive,"CTA, verb",Unarchive,Unarchive,–†–∞–∑–∞—Ä—Ö–∏–≤–∏—Ä–æ–≤–∞—Ç—å
password,Generic label,Password,Password,–ü–∞—Ä–æ–ª—å
logIn,Generic label,Log in,Log in,–í–æ–π—Ç–∏
logInTitle,Login page copy,Welcome Back,Welcome Back,–° –≤–æ–∑–≤—Ä–∞—â–µ–Ω–∏–µ–º!
logInBody,Login page copy,"You've already started something important. 
Let's keep going.","You've already started something important. 
Let's keep going.","–í—ã —É–∂–µ –Ω–∞—á–∞–ª–∏ —á—Ç–æ-—Ç–æ –≤–∞–∂–Ω–æ–µ.
–î–∞–≤–∞–π—Ç–µ –ø—Ä–æ–¥–æ–ª–∂–∏–º!"
signUpTitle,Sign up page copy,Begin with Heart,Begin with Heart,–ù–∞—á–Ω–∏—Ç–µ —Å Heart
signUpBody,Sign up page copy,"Every journey starts with one decision. 
This one's yours.","Every journey starts with one decision. 
This one's yours.","–ö–∞–∂–¥–æ–µ –ø—É—Ç–µ—à–µ—Å—Ç–≤–∏–µ –Ω–∞—á–∏–Ω–∞–µ—Ç—Å—è —Å –æ–¥–Ω–æ–≥–æ —Ä–µ—à–µ–Ω–∏—è.
–≠—Ç–æ ‚Äî –≤–∞—à–µ."
recoverTitle,Recover page copy,Still with You,Still with You,–í—Å–µ –µ—â–µ —Å –≤–∞–º–∏
recoverBody,Recover page copy,"Your journey isn't lost. 
Just a moment of pause ‚Äî we'll reset together.","Your journey isn't lost. 
Just a moment of pause ‚Äî we'll reset together.","–í–∞—à –ø—É—Ç—å –Ω–µ –ø–æ—Ç–µ—Ä—è–Ω.
–ü—Ä–æ—Å—Ç–æ –Ω–µ–±–æ–ª—å—à–∞—è –ø–∞—É–∑–∞ ‚Äî –¥–∞–≤–∞–π—Ç–µ –Ω–∞—á–Ω–µ–º –∑–∞–Ω–æ–≤–æ."
logInWithGoogle,Button label,Log in with Google,Log in with Google,–í–æ–π—Ç–∏ —á–µ—Ä–µ–∑ Google
signUpWithGoogle,Button label,Sign up with Google,Sign up with Google,–ó–∞—Ä–µ–≥–∏—Å—Ç—Ä–∏—Ä–æ–≤–∞—Ç—å—Å—è —á–µ—Ä–µ–∑ Google
logInWithApple,Button label,Log in with Apple,Log in with Apple,–í–æ–π—Ç–∏ —á–µ—Ä–µ–∑ Apple
signUpWithApple,Button label,Sign up with Apple,Sign up with Apple,–ó–∞—Ä–µ–≥–∏—Å—Ç—Ä–∏—Ä–æ–≤–∞—Ç—å—Å—è —á–µ—Ä–µ–∑ Apple
logOut,Generic label,Log out,Log out,–í—ã–π—Ç–∏
profile,"Generic label, e.g. bottom nav bar",Profile,Profile,–ü—Ä–æ—Ñ–∏–ª—å
workout,"Generic label, e.g. bottom nav bar",Workout,Workout,–¢—Ä–µ–Ω–∏—Ä–æ–≤–∫–∞
history,"Generic label, e.g. bottom nav bar",History,History,–ò—Å—Ç–æ—Ä–∏—è
exercises,"Generic label, e.g. bottom nav bar",Exercises,Exercises,–£–ø—Ä–∞–∂–Ω–µ–Ω–∏—è
search,"Generic label, e.g. bin the search bar",Search,Search,–ü–æ–∏—Å–∫
startNewWorkout,Button label,Start a new workout,Start a new workout,–ù–∞—á–∞—Ç—å –Ω–æ–≤—É—é —Ç—Ä–µ–Ω–∏—Ä–æ–≤–∫—É
cancelCurrentWorkoutTitle,Button label,Cancel current workout?,Cancel current workout?,–û—Ç–º–µ–Ω–∏—Ç—å —Ç–µ–∫—É—â—É—é —Ç—Ä–µ–Ω–∏—Ä–æ–≤–∫—É?
cancelCurrentWorkoutBody,Button label,You have a workout in progress. Do you want to cancel it and start a new one?,You have a workout in progress. Do you want to cancel it and start a new one?,–£ –≤–∞—Å –µ—Å—Ç—å –Ω–µ–∑–∞–≤–µ—Ä—à–µ–Ω–Ω–∞—è —Ç—Ä–µ–Ω–∏—Ä–æ–≤–∫–∞. –•–æ—Ç–∏—Ç–µ –æ—Ç–º–µ–Ω–∏—Ç—å –µ—ë –∏ –Ω–∞—á–∞—Ç—å –Ω–æ–≤—É—é?
startNewWorkoutFromTemplate,Alert dialog,Start a new workout from this template?,Start a new workout from this template?,–ù–∞—á–∞—Ç—å –Ω–æ–≤—É—é —Ç—Ä–µ–Ω–∏—Ä–æ–≤–∫—É –ø–æ —ç—Ç–æ–º—É —à–∞–±–ª–æ–Ω—É?
startWorkout,App bar title,Start workout,Start workout,–ù–∞—á–∞—Ç—å —Ç—Ä–µ–Ω–∏—Ä–æ–≤–∫—É
cancelWorkout,Button text,Cancel workout,Cancel workout,–û—Ç–º–µ–Ω–∏—Ç—å —Ç—Ä–µ–Ω–∏—Ä–æ–≤–∫—É
addExercises,Button text,Add exercises,Add exercises,–î–æ–±–∞–≤–∏—Ç—å —É–ø—Ä–∞–∂–Ω–µ–Ω–∏—è
addSet,Button text,Add set,Add set,–î–æ–±–∞–≤–∏—Ç—å –ø–æ–¥—Ö–æ–¥
newExercise,Button tooltip,New exercise,New exercise,–ù–æ–≤–æ–µ —É–ø—Ä–∞–∂–Ω–µ–Ω–∏–µ
createNewExercise,Dialog header,Create new exercise,Create new exercise,–°–æ–∑–¥–∞—Ç—å –Ω–æ–≤–æ–µ —É–ø—Ä–∞–∂–Ω–µ–Ω–∏–µ
exerciseOptions,Button tooltip,Exercise options,Exercise options,–ù–∞—Å—Ç—Ä–æ–π–∫–∏ —É–ø—Ä–∞–∂–Ω–µ–Ω–∏—è
showArchived,"Menu button, as in ""Show archived exercises",Show archived,Show archived,–ü–æ–∫–∞–∑–∞—Ç—å –∞—Ä—Ö–∏–≤–Ω—ã–µ
archivedExercises,App bar,Archived exercises,Archived exercises,–ê—Ä—Ö–∏–≤–Ω—ã–µ —É–ø—Ä–∞–∂–Ω–µ–Ω–∏—è
archiveConfirmTitle,"Dialog title, e.g., ""Archive Push ups?""",Archive {exerciseName}?,Archive {exerciseName}?,–ê—Ä—Ö–∏–≤–∏—Ä–æ–≤–∞—Ç—å {exerciseName}?
archiveConfirmBody,Dialog body,"This exercise will be moved to Archived Exercises (find it under Exercises ‚Üí More ‚Üí Show archived).
 Archiving won't affect any of your past workouts ‚Äî your history stays intact.","This exercise will be moved to Archived Exercises (find it under Exercises ‚Üí More ‚Üí Show archived).
 Archiving won't affect any of your past workouts ‚Äî your history stays intact.","–≠—Ç–æ —É–ø—Ä–∞–∂–Ω–µ–Ω–∏–µ –±—É–¥–µ—Ç –ø–µ—Ä–µ–º–µ—â–µ–Ω–æ –≤ –ê—Ä—Ö–∏–≤–Ω—ã–µ —É–ø—Ä–∞–∂–Ω–µ–Ω–∏—è (–Ω–∞–π—Ç–∏ –≤ –£–ø—Ä–∞–∂–Ω–µ–Ω–∏—è ‚Üí –ï—â—ë ‚Üí –ü–æ–∫–∞–∑–∞—Ç—å –∞—Ä—Ö–∏–≤–Ω—ã–µ).
 –ê—Ä—Ö–∏–≤–∏—Ä–æ–≤–∞–Ω–∏–µ –Ω–µ –ø–æ–≤–ª–∏—è–µ—Ç –Ω–∞ –≤–∞—à–∏ –ø—Ä–æ—à–ª—ã–µ —Ç—Ä–µ–Ω–∏—Ä–æ–≤–∫–∏ ‚Äî –∏—Å—Ç–æ—Ä–∏—è –æ—Å—Ç–∞–Ω–µ—Ç—Å—è –±–µ–∑ –∏–∑–º–µ–Ω–µ–Ω–∏–π."
exerciseArchived,Tooltip over archived icon,"This exercise is archived 
and won't appear in your main library anymore.","This exercise is archived 
and won't appear in your main library anymore.","–≠—Ç–æ —É–ø—Ä–∞–∂–Ω–µ–Ω–∏–µ –Ω–∞—Ö–æ–¥–∏—Ç—Å—è –≤ –∞—Ä—Ö–∏–≤–µ
–∏ –±–æ–ª—å—à–µ –Ω–µ –±—É–¥–µ—Ç –æ—Ç–æ–±—Ä–∞–∂–∞—Ç—å—Å—è –≤ –æ—Å–Ω–æ–≤–Ω–æ–π –±–∏–±–ª–∏–æ—Ç–µ–∫–µ."
deleteSet,Button text,Delete set,Delete set,–£–¥–∞–ª–∏—Ç—å –ø–æ–¥—Ö–æ–¥
set,"Workout table, column header",Set,Set,–ü–æ–¥—Ö–æ–¥
sets,Card header,Sets,Sets,–ü–æ–¥—Ö–æ–¥—ã
previous,"Workout table, column header, as in ""previous exercise""",Previous,Previous,–ü—Ä–µ–¥—ã–¥—É—â–∏–π
reps,"Workout table, column header",Reps,Reps,–ü–æ–≤—Ç–æ—Ä–µ–Ω–∏—è
time,"Workout table, column header",Time,Time,–í—Ä–µ–º—è
kg,"Generic label, kilograms",kg,kg,–∫–≥
mile,"Generic label, miles",mile,mile,–º–∏–ª—è
km,"Generic label, km",km,km,–∫–º
milesPlural,"Generic label, miles",miles,miles,–º–∏–ª–∏
miles,"Generic label, miles","{howMany,plural, =1{{howMany} mile}other{{howMany} miles}}","{howMany,plural, =1{{howMany} mile}other{{howMany} miles}}","{howMany,plural, =1{{howMany} –º–∏–ª—è}other{{howMany} –º–∏–ª–∏}}"
ok,Generic label,OK,OK,OK
edit,Generic label,Edit,Edit,–ò–∑–º–µ–Ω–∏—Ç—å
delete,Generic label,Delete,Delete,–£–¥–∞–ª–∏—Ç—å
repeat,Generic label,Repeat,Repeat,–ü–æ–≤—Ç–æ—Ä–∏—Ç—å
add,Generic label,Add,Add,–î–æ–±–∞–≤–∏—Ç—å
share,Generic label,Share,Share,–ü–æ–¥–µ–ª–∏—Ç—å—Å—è
okBang,Generic label,Ok!,Ok!,–û–∫!
cancel,"Generic label, ""cancel"" button",Cancel,Cancel,–û—Ç–º–µ–Ω–∞
finish,"Generic label, ""finish workout"" button",Finish,Finish,–ó–∞–≤–µ—Ä—à–∏—Ç—å
reset,"Generic label, ""Reset"" button",Reset,Reset,–°–±—Ä–æ—Å–∏—Ç—å
h,Abbreviation for hours,h,h,—á
min,Abbreviation for minutes,min,min,–º–∏–Ω
lbs,"Generic label, pounds",lbs,lbs,—Ñ–Ω—Ç
skip,"Generic label, verb",Skip,Skip,–ü—Ä–æ–ø—É—Å—Ç–∏—Ç—å
lb,"Generic label, pounds","{howMany,plural, =1{{howMany} lb}other{{howMany} lbs}}","{howMany,plural, =1{{howMany} lb}other{{howMany} lbs}}","{howMany,plural, =1{{howMany} —Ñ–Ω—Ç}other{{howMany} —Ñ–Ω—Ç}}"
saveAsTemplate,"Workout set option, ""save this workout as a template""",Save as template,Save as template,–°–æ—Ö—Ä–∞–Ω–∏—Ç—å –∫–∞–∫ —à–∞–±–ª–æ–Ω
addNote,"Exercise set option, ""add a note to this set""",Add a note,Add a note,–î–æ–±–∞–≤–∏—Ç—å –∑–∞–º–µ—Ç–∫—É
replaceExercise,Exercise set option,Replace exercise,Replace exercise,–ó–∞–º–µ–Ω–∏—Ç—å —É–ø—Ä–∞–∂–Ω–µ–Ω–∏–µ
weightUnit,"Exercise set option, ""choose weight unit for this set""",Weight,Weight,–í–µ—Å
distanceUnit,"Exercise set option, ""choose distance unit for this set""",Distance,Distance,–†–∞—Å—Å—Ç–æ—è–Ω–∏–µ
duration,Duration label,Duration,Duration,–î–ª–∏—Ç–µ–ª—å–Ω–æ—Å—Ç—å
imperial,Measurement unit setting,Imperial,Imperial,–ò–º–ø–µ—Ä—Å–∫–∞—è
metric,Measurement unit setting,Metric,Metric,–ú–µ—Ç—Ä–∏—á–µ—Å–∫–∞—è
restTimer,"Exercise set option, ""Set the rest timer for this exercise""",Rest timer,Rest timer,–¢–∞–π–º–µ—Ä –æ—Ç–¥—ã—Ö–∞
cancelTimer,Button text,Cancel timer,Cancel timer,–û—Ç–º–µ–Ω–∏—Ç—å —Ç–∞–π–º–µ—Ä
removeExercise,"Exercise set option, ""Remove this exercise from workout""",Remove exercise,Remove exercise,–£–¥–∞–ª–∏—Ç—å —É–ø—Ä–∞–∂–Ω–µ–Ω–∏–µ
morningWorkout,Default workout name,Morning Workout,Morning Workout,–£—Ç—Ä–µ–Ω–Ω—è—è —Ç—Ä–µ–Ω–∏—Ä–æ–≤–∫–∞
eveningWorkout,Default workout name,Evening Workout,Evening Workout,–í–µ—á–µ—Ä–Ω—è—è —Ç—Ä–µ–Ω–∏—Ä–æ–≤–∫–∞
nightWorkout,Default workout name,Night Workout,Night Workout,–ù–æ—á–Ω–∞—è —Ç—Ä–µ–Ω–∏—Ä–æ–≤–∫–∞
afternoonWorkout,Default workout name,Afternoon Workout,Afternoon Workout,–î–Ω–µ–≤–Ω–∞—è —Ç—Ä–µ–Ω–∏—Ä–æ–≤–∫–∞
emptyHistoryTitle,emptyHistoryTitle,Your completed workouts will be here,Your completed workouts will be here,–ó–¥–µ—Å—å –±—É–¥—É—Ç –≤–∞—à–∏ –∑–∞–≤–µ—Ä—à–µ–Ω–Ω—ã–µ —Ç—Ä–µ–Ω–∏—Ä–æ–≤–∫–∏
emptyHistoryBody,emptyHistoryBody,Go get them done!,Go get them done!,–í–ø–µ—Ä–µ–¥ –∑–∞ —Ç—Ä–µ–Ω–∏—Ä–æ–≤–∫–∞–º–∏!
customThemeColorSetting,Setting item name,Custom theme color,Custom theme colour,–ü–æ–ª—å–∑–æ–≤–∞—Ç–µ–ª—å—Å–∫–∏–π —Ü–≤–µ—Ç —Ç–µ–º—ã
customThemeColorSettingSubtitle,Setting item subtitle,Used to generate a new theme,Used to generate a new theme,–ò—Å–ø–æ–ª—å–∑—É–µ—Ç—Å—è –¥–ª—è —Å–æ–∑–¥–∞–Ω–∏—è –Ω–æ–≤–æ–π —Ç–µ–º—ã
aboutApp,Setting item title,About app,About app,–û –ø—Ä–∏–ª–æ–∂–µ–Ω–∏–∏
congratulations,"Workout complete screen, title",Congratulations!,Congratulations!,–ü–æ–∑–¥—Ä–∞–≤–ª—è–µ–º!
congratulationsBody,"Workout complete screen, body",Your workout is complete!,Your workout is complete!,–í–∞—à–∞ —Ç—Ä–µ–Ω–∏—Ä–æ–≤–∫–∞ –∑–∞–≤–µ—Ä—à–µ–Ω–∞!
finishWorkoutTitle,Workout completion confirmation dialog,Finish Workout?,Finish Workout?,–ó–∞–≤–µ—Ä—à–∏—Ç—å —Ç—Ä–µ–Ω–∏—Ä–æ–≤–∫—É?
finishWorkoutWarningTitle,Workout completion confirmation dialog,Complete Your Workout?,Complete Your Workout?,–ó–∞–≤–µ—Ä—à–∏—Ç—å —Ç—Ä–µ–Ω–∏—Ä–æ–≤–∫—É?
finishWorkoutWarningBody,Workout completion confirmation dialog,"Any empty or invalid sets will be discarded, and all valid sets will be marked as completed.","Any empty or invalid sets will be discarded, and all valid sets will be marked as completed.","–ü—É—Å—Ç—ã–µ –∏ –Ω–µ–∫–æ—Ä—Ä–µ–∫—Ç–Ω—ã–µ –ø–æ–¥—Ö–æ–¥—ã –±—É–¥—É—Ç —É–¥–∞–ª–µ–Ω—ã, –∞ –≤—Å–µ –ø—Ä–∞–≤–∏–ª—å–Ω—ã–µ –±—É–¥—É—Ç –æ—Ç–º–µ—á–µ–Ω—ã –∫–∞–∫ –≤—ã–ø–æ–ª–Ω–µ–Ω–Ω—ã–µ."
finishWorkoutBody,Workout completion confirmation dialog,Ready to finish this workout?,Ready to finish this workout?,–ì–æ—Ç–æ–≤—ã –∑–∞–≤–µ—Ä—à–∏—Ç—å —ç—Ç—É —Ç—Ä–µ–Ω–∏—Ä–æ–≤–∫—É?
cancelWorkoutBody,Workout completion confirmation dialog,All progress made so far will be lost.,All progress made so far will be lost.,–í–µ—Å—å –¥–æ—Å—Ç–∏–≥–Ω—É—Ç—ã–π –ø—Ä–æ–≥—Ä–µ—Å—Å –±—É–¥–µ—Ç –ø–æ—Ç–µ—Ä—è–Ω.
cancelWorkoutTitle,Workout completion confirmation dialog,Do you want to cancel this workout?,Do you want to cancel this workout?,–•–æ—Ç–∏—Ç–µ –æ—Ç–º–µ–Ω–∏—Ç—å —ç—Ç—É —Ç—Ä–µ–Ω–∏—Ä–æ–≤–∫—É?
readyToFinish,Workout completion confirmation dialog,"Yes, I'm done!","Yes, I'm done!","–î–∞, —è –∑–∞–∫–æ–Ω—á–∏–ª!"
keepCurrentAccount,Workout start confirmation dialog,"No, keep current workout","No, keep current workout","–ù–µ—Ç, –ø—Ä–æ–¥–æ–ª–∂–∏—Ç—å —Ç–µ–∫—É—â—É—é —Ç—Ä–µ–Ω–∏—Ä–æ–≤–∫—É"
cancelAndStartNewWorkout,Workout start confirmation dialog,"Yes, cancel that one and start a new workout","Yes, cancel that one and start a new workout","–î–∞, –æ—Ç–º–µ–Ω–∏—Ç—å —Ç—É –∏ –Ω–∞—á–∞—Ç—å –Ω–æ–≤—É—é —Ç—Ä–µ–Ω–∏—Ä–æ–≤–∫—É"
resumeWorkout,Workout cancellation confirmation dialog,"No, resume workout","No, resume workout","–ù–µ—Ç, –ø—Ä–æ–¥–æ–ª–∂–∏—Ç—å —Ç—Ä–µ–Ω–∏—Ä–æ–≤–∫—É"
deleteThis,Generic label,"Yes, delete this","Yes, delete this","–î–∞, —É–¥–∞–ª–∏—Ç—å"
deleted,Generic label,Deleted,Deleted,–£–¥–∞–ª–µ–Ω–æ
notReadyToFinish,Workout completion confirmation dialog,"No, one more set!","No, one more set!","–ù–µ—Ç, –µ—â—ë –æ–¥–∏–Ω –ø–æ–¥—Ö–æ–¥!"
deleteTemplateTitle,Template deletion confirmation dialog,Do you want to delete this workout template?,Do you want to delete this workout template?,–•–æ—Ç–∏—Ç–µ —É–¥–∞–ª–∏—Ç—å —ç—Ç–æ—Ç —à–∞–±–ª–æ–Ω —Ç—Ä–µ–Ω–∏—Ä–æ–≤–∫–∏?
deleteTemplateBody,Template deletion confirmation dialog,This cannot be undone,This cannot be undone,–≠—Ç–æ –¥–µ–π—Å—Ç–≤–∏–µ –Ω–µ–ª—å–∑—è –æ—Ç–º–µ–Ω–∏—Ç—å
quitEditing,Template deletion confirmation dialog,Quit editing?,Quit editing?,–í—ã–π—Ç–∏ –∏–∑ —Ä–µ–¥–∞–∫—Ç–∏—Ä–æ–≤–∞–Ω–∏—è?
changesWillBeLost,Template deletion confirmation dialog,All changes will be lost,All changes will be lost,–í—Å–µ –∏–∑–º–µ–Ω–µ–Ω–∏—è –±—É–¥—É—Ç –ø–æ—Ç–µ—Ä—è–Ω—ã
quitPage,Template deletion confirmation dialog,Quit this page,Quit this page,–ü–æ–∫–∏–Ω—É—Ç—å —Å—Ç—Ä–∞–Ω–∏—Ü—É
stayHere,Template deletion confirmation dialog,Stay here,Stay here,–û—Å—Ç–∞—Ç—å—Å—è –∑–¥–µ—Å—å
notificationSettings,Settings item,Notification settings,Notification settings,–ù–∞—Å—Ç—Ä–æ–π–∫–∏ —É–≤–µ–¥–æ–º–ª–µ–Ω–∏–π
selected,Selected 4 exercises,Selected {count},Selected {count},–í—ã–±—Ä–∞–Ω–æ {count}
forExercise,As in Rest timer for bicep curl,for {exercise},for {exercise},–¥–ª—è {exercise}
restTimerSubtitle,Rest timer,Adjust duration via the +/- buttons.,Adjust duration via the +/- buttons.,–ù–∞—Å—Ç—Ä–æ–π—Ç–µ –¥–ª–∏—Ç–µ–ª—å–Ω–æ—Å—Ç—å —Å –ø–æ–º–æ—â—å—é –∫–Ω–æ–ø–æ–∫ +/-.
addSeconds,Rest timer,+10s,+10s,+10—Å
subtractSeconds,Rest timer,-10s,-10s,-10—Å
restComplete,Rest notification banner,Rest complete!,Rest complete!,–û—Ç–¥—ã—Ö –∑–∞–≤–µ—Ä—à–µ–Ω!
workoutsPerWeek,Chart label,Workouts per week,Workouts per week,Workouts per week
workoutsPerWeekTitle,Chart label,Your workouts will be presented here,Your workouts will be presented here,–í–∞—à–∏ —Ç—Ä–µ–Ω–∏—Ä–æ–≤–∫–∏ –±—É–¥—É—Ç –æ—Ç–æ–±—Ä–∞–∂–∞—Ç—å—Å—è –∑–¥–µ—Å—å
workoutsPerWeekBody,Chart label,Go get them done!,Go get them done!,–í–ø–µ—Ä–µ–¥ –∑–∞ —Ç—Ä–µ–Ω–∏—Ä–æ–≤–∫–∞–º–∏!
category,Label button that allows to choose Exercise category,Category,Category,–ö–∞—Ç–µ–≥–æ—Ä–∏—è
target,Label button that allows to choose Exercise target muscle group,Target,Target,–¶–µ–ª—å
removeFilter,Tooltip on the button that removes exercise filter,Remove filter,Remove filter,–£–¥–∞–ª–∏—Ç—å —Ñ–∏–ª—å—Ç—Ä
restCompleteBody,Rest notification banner,Next: {exercise},Next: {exercise},–°–ª–µ–¥—É—é—â–µ–µ: {exercise}
weightedSetRepresentation,Rest notification banner,{weight} x {reps},{weight} x {reps},{weight} x {reps}
templates,Workout templates section header,Templates,Templates,–®–∞–±–ª–æ–Ω—ã
exampleTemplates,Workout templates section header,Example templates,Example templates,–ü—Ä–∏–º–µ—Ä—ã —à–∞–±–ª–æ–Ω–æ–≤
template,A single workout template,Template,Template,–®–∞–±–ª–æ–Ω
newTemplate,New template form header,New Template,New Template,–ù–æ–≤—ã–π —à–∞–±–ª–æ–Ω
editTemplate,Edit template form header,Edit Template,Edit Template,–†–µ–¥–∞–∫—Ç–∏—Ä–æ–≤–∞—Ç—å —à–∞–±–ª–æ–Ω
editWorkout,Edit workout form header,Edit Workout,Edit Workout,–†–µ–¥–∞–∫—Ç–∏—Ä–æ–≤–∞—Ç—å —Ç—Ä–µ–Ω–∏—Ä–æ–≤–∫—É
templateName,Edit template text field hint,Template name,Template name,–ù–∞–∑–≤–∞–Ω–∏–µ —à–∞–±–ª–æ–Ω–∞
workoutName,Edit workout text field hint,Workout name,Workout name,–ù–∞–∑–≤–∞–Ω–∏–µ —Ç—Ä–µ–Ω–∏—Ä–æ–≤–∫–∏
cannotBeEmpty,Form validation message,Cannot be empty,Cannot be empty,–ù–µ –º–æ–∂–µ—Ç –±—ã—Ç—å –ø—É—Å—Ç—ã–º
showPassword,Tooltip message,Show password,Show password,–ü–æ–∫–∞–∑–∞—Ç—å –ø–∞—Ä–æ–ª—å
hidePassword,Tooltip message,Hide password,Hide password,–°–∫—Ä—ã—Ç—å –ø–∞—Ä–æ–ª—å
yourPassword,Tooltip message,Your password,Your password,–í–∞—à –ø–∞—Ä–æ–ª—å
resetPassword,Button,Reset password,Reset password,–°–±—Ä–æ—Å–∏—Ç—å –ø–∞—Ä–æ–ª—å
resetPasswordBody,Button,"We‚Äôll send a reset link to your email faster than you can say ‚Äúforgot my password.‚Äù No turning back after this‚Äîunless you cancel, of course. üòå","We‚Äôll send a reset link to your email faster than you can say ‚Äúforgot my password.‚Äù No turning back after this‚Äîunless you cancel, of course. üòå","–ú—ã –æ—Ç–ø—Ä–∞–≤–∏–º —Å—Å—ã–ª–∫—É –¥–ª—è —Å–±—Ä–æ—Å–∞ –ø–∞—Ä–æ–ª—è –Ω–∞ –≤–∞—à email –±—ã—Å—Ç—Ä–µ–µ, —á–µ–º –≤—ã —É—Å–ø–µ–µ—Ç–µ —Å–∫–∞–∑–∞—Ç—å ""–∑–∞–±—ã–ª –ø–∞—Ä–æ–ª—å"". –ù–∞–∑–∞–¥ –ø—É—Ç–∏ –Ω–µ—Ç ‚Äî –µ—Å–ª–∏ —Ç–æ–ª—å–∫–æ –≤—ã –Ω–µ –æ—Ç–º–µ–Ω–∏—Ç–µ, –∫–æ–Ω–µ—á–Ω–æ. üòå"
orConnector,"Connects two widgets, this OR that",- or -,- or -,- –∏–ª–∏ -
invalidCredentials,Login error message,"Well, that didn't work! Double-check your details, eh?","Well, that didn't work! Double-check your details, eh?",–ß—Ç–æ-—Ç–æ –ø–æ—à–ª–æ –Ω–µ —Ç–∞–∫! –ü—Ä–æ–≤–µ—Ä—å—Ç–µ –≤–∞—à–∏ –¥–∞–Ω–Ω—ã–µ –µ—â–µ —Ä–∞–∑!
weakPassword,Login error message,Almost there! Try a stronger password to keep your account safe.,Almost there! Try a stronger password to keep your account safe.,–ü–æ—á—Ç–∏ –≥–æ—Ç–æ–≤–æ! –ü–æ–ø—Ä–æ–±—É–π—Ç–µ –±–æ–ª–µ–µ –Ω–∞–¥–µ–∂–Ω—ã–π –ø–∞—Ä–æ–ª—å –¥–ª—è –±–µ–∑–æ–ø–∞—Å–Ω–æ—Å—Ç–∏ –≤–∞—à–µ–≥–æ –∞–∫–∫–∞—É–Ω—Ç–∞.
forgotPassword,Login button,Forgot password?,Forgot password?,–ó–∞–±—ã–ª–∏ –ø–∞—Ä–æ–ª—å?
noConnectivity,Error message,Uh-oh! The internet tripped over a dumbbell. üèãÔ∏è‚Äç‚ôÇÔ∏è Try again in a sec!,Uh-oh! The internet tripped over a dumbbell. üèãÔ∏è‚Äç‚ôÇÔ∏è Try again in a sec!,–û–π! –ò–Ω—Ç–µ—Ä–Ω–µ—Ç —Å–ø–æ—Ç–∫–Ω—É–ª—Å—è –æ –≥–∞–Ω—Ç–µ–ª—é. üèãÔ∏è‚Äç‚ôÇÔ∏è –ü–æ–ø—Ä–æ–±—É–π—Ç–µ —Å–Ω–æ–≤–∞ —á–µ—Ä–µ–∑ —Å–µ–∫—É–Ω–¥—É!
signUp,Generic label,Sign up,Sign up,–†–µ–≥–∏—Å—Ç—Ä–∞—Ü–∏—è
sendResetLink,Password recovery flow,Send Reset Link,Send Reset Link,–û—Ç–ø—Ä–∞–≤–∏—Ç—å —Å—Å—ã–ª–∫—É –¥–ª—è —Å–±—Ä–æ—Å–∞
recoveryLinkMessage,Password recovery flow,"If an account exists for this email, you'll receive a reset link shortly. Check your inbox and spam folder.","If an account exists for this email, you'll receive a reset link shortly. Check your inbox and spam folder.","–ï—Å–ª–∏ –∞–∫–∫–∞—É–Ω—Ç —Å —ç—Ç–∏–º email —Å—É—â–µ—Å—Ç–≤—É–µ—Ç, –≤—ã –ø–æ–ª—É—á–∏—Ç–µ —Å—Å—ã–ª–∫—É –¥–ª—è —Å–±—Ä–æ—Å–∞. –ü—Ä–æ–≤–µ—Ä—å—Ç–µ –ø–∞–ø–∫—É –≤—Ö–æ–¥—è—â–∏—Ö –∏ —Å–ø–∞–º."
recoveryLinkMessageSent,Password recovery flow,üíåYour password setup email is on its way! Check your inbox (or maybe your spam folder‚Äîit likes to hide).,üíåYour password setup email is on its way! Check your inbox (or maybe your spam folder‚Äîit likes to hide).,üíå–ü–∏—Å—å–º–æ –¥–ª—è –Ω–∞—Å—Ç—Ä–æ–π–∫–∏ –ø–∞—Ä–æ–ª—è —É–∂–µ –≤ –ø—É—Ç–∏! –ü—Ä–æ–≤–µ—Ä—å—Ç–µ –≤—Ö–æ–¥—è—â–∏–µ (–∏–ª–∏ –ø–∞–ø–∫—É —Å–ø–∞–º ‚Äî –æ–Ω–æ –ª—é–±–∏—Ç —Ç–∞–º –ø—Ä—è—Ç–∞—Ç—å—Å—è).
emailExistsTitle,Email exists dialog,Email already exists,Email already exists,Email —É–∂–µ —Å—É—â–µ—Å—Ç–≤—É–µ—Ç
emailExistsOkButton,Email exists dialog,"Yes, sign me in!","Yes, sign me in!","–î–∞, –≤–æ–π—Ç–∏!"
emailExistsCancelButton,Email exists dialog,"No, I got this","No, I got this","–ù–µ—Ç, —è —Ä–∞–∑–±–µ—Ä—É—Å—å"
emailExistsBody,Email exists dialog,An account with {address} already exists. Would you like to log in instead?,An account with {address} already exists. Would you like to log in instead?,–ê–∫–∫–∞—É–Ω—Ç —Å {address} —É–∂–µ —Å—É—â–µ—Å—Ç–≤—É–µ—Ç. –•–æ—Ç–∏—Ç–µ –≤–æ–π—Ç–∏?
sendResetLinkBody,Password recovery flow,Enter you email and we'll help you reset your password,Enter you email and we'll help you reset your password,–í–≤–µ–¥–∏—Ç–µ –≤–∞—à email –∏ –º—ã –ø–æ–º–æ–∂–µ–º —Å–±—Ä–æ—Å–∏—Ç—å –ø–∞—Ä–æ–ª—å
userDisabled,Login error message,This account is disabled,This account is disabled,–≠—Ç–æ—Ç –∞–∫–∫–∞—É–Ω—Ç –æ—Ç–∫–ª—é—á–µ–Ω
unknownError,Login error message,Unknown error occurred,Unknown error occurred,–ü—Ä–æ–∏–∑–æ—à–ª–∞ –Ω–µ–∏–∑–≤–µ—Å—Ç–Ω–∞—è –æ—à–∏–±–∫–∞
accountControl,Settings item,Account control,Account control,–£–ø—Ä–∞–≤–ª–µ–Ω–∏–µ –∞–∫–∫–∞—É–Ω—Ç–æ–º
leaveFeedback,Settings item,Leave feedback,Leave feedback,–û—Å—Ç–∞–≤–∏—Ç—å –æ—Ç–∑—ã–≤
leaveFeedbackBody,Settings item,"Snap a screenshot, doodle your feelings, and drop us a note. You can roam the app while you're at it.

We love feedback. Every squiggle and comment helps us make the app better‚Äîfor you and everyone else. So thanks. Seriously. {emoji}","Snap a screenshot, doodle your feelings, and drop us a note. You can roam the app while you're at it.

We love feedback. Every squiggle and comment helps us make the app better‚Äîfor you and everyone else. So thanks. Seriously. {emoji}","–°–¥–µ–ª–∞–π—Ç–µ —Å–∫—Ä–∏–Ω—à–æ—Ç, –Ω–∞—Ä–∏—Å—É–π—Ç–µ —Å–≤–æ–∏ –≤–ø–µ—á–∞—Ç–ª–µ–Ω–∏—è –∏ –æ—Å—Ç–∞–≤—å—Ç–µ –Ω–∞–º –∑–∞–º–µ—Ç–∫—É. –í—ã –º–æ–∂–µ—Ç–µ –ø—Ä–æ–¥–æ–ª–∂–∞—Ç—å –ø–æ–ª—å–∑–æ–≤–∞—Ç—å—Å—è –ø—Ä–∏–ª–æ–∂–µ–Ω–∏–µ–º.

–ú—ã –ª—é–±–∏–º –æ–±—Ä–∞—Ç–Ω—É—é —Å–≤—è–∑—å. –ö–∞–∂–¥—ã–π —Ä–∏—Å—É–Ω–æ–∫ –∏ –∫–æ–º–º–µ–Ω—Ç–∞—Ä–∏–π –ø–æ–º–æ–≥–∞–µ—Ç –Ω–∞–º —Å–¥–µ–ª–∞—Ç—å –ø—Ä–∏–ª–æ–∂–µ–Ω–∏–µ –ª—É—á—à–µ ‚Äî –¥–ª—è –≤–∞—Å –∏ –≤—Å–µ—Ö –æ—Å—Ç–∞–ª—å–Ω—ã—Ö. –¢–∞–∫ —á—Ç–æ —Å–ø–∞—Å–∏–±–æ. –°–µ—Ä—å–µ–∑–Ω–æ. {emoji}"
feedbackReceived,Confirmation snack message,"Your feedback was received, thank you!","Your feedback was received, thank you!","–í–∞—à –æ—Ç–∑—ã–≤ –ø–æ–ª—É—á–µ–Ω, —Å–ø–∞—Å–∏–±–æ!"
toFeedback,Action button on a dialog,To feedback!,To feedback!,–ö –æ—Ç–∑—ã–≤—É!
dangerZone,Settings header,Danger zone,Danger zone,–û–ø–∞—Å–Ω–∞—è –∑–æ–Ω–∞
deleteAccount,Settings item,Delete account,Delete account,–£–¥–∞–ª–∏—Ç—å –∞–∫–∫–∞—É–Ω—Ç
deleteAccountTitle,Delete account dialog,Are you sure you want to delete your account?,Are you sure you want to delete your account?,"–í—ã —É–≤–µ—Ä–µ–Ω—ã, —á—Ç–æ —Ö–æ—Ç–∏—Ç–µ —É–¥–∞–ª–∏—Ç—å —Å–≤–æ–π –∞–∫–∫–∞—É–Ω—Ç?"
deleteAccountBody,Delete account dialog,"Your account is scheduled for deletion in {deadline} days. During this time, you can still sign in and reverse this decision. Once the deadline has passed, your account and personal data will be permanently deleted.","Your account is scheduled for deletion in {deadline} days. During this time, you can still sign in and reverse this decision. Once the deadline has passed, your account and personal data will be permanently deleted.",–í–∞—à –∞–∫–∫–∞—É–Ω—Ç –∑–∞–ø–ª–∞–Ω–∏—Ä–æ–≤–∞–Ω –Ω–∞ —É–¥–∞–ª–µ–Ω–∏–µ —á–µ—Ä–µ–∑ {deadline} –¥–Ω–µ–π. –í —Ç–µ—á–µ–Ω–∏–µ —ç—Ç–æ–≥–æ –≤—Ä–µ–º–µ–Ω–∏ –≤—ã –≤—Å–µ –µ—â–µ –º–æ–∂–µ—Ç–µ –≤–æ–π—Ç–∏ –∏ –æ—Ç–º–µ–Ω–∏—Ç—å —ç—Ç–æ —Ä–µ—à–µ–Ω–∏–µ. –ü–æ—Å–ª–µ –∏—Å—Ç–µ—á–µ–Ω–∏—è —Å—Ä–æ–∫–∞ –≤–∞—à –∞–∫–∫–∞—É–Ω—Ç –∏ –ª–∏—á–Ω—ã–µ –¥–∞–Ω–Ω—ã–µ –±—É–¥—É—Ç —É–¥–∞–ª–µ–Ω—ã –Ω–∞–≤—Å–µ–≥–¥–∞.
deleteAccountCancelMessage,Delete account dialog,"Oh no, I like it here!","Oh no, I like it here!","–û –Ω–µ—Ç, –º–Ω–µ –∑–¥–µ—Å—å –Ω—Ä–∞–≤–∏—Ç—Å—è!"
deleteAccountConfirmMessage,Delete account dialog,"Yep, go on without me!","Yep, go on without me!","–î–∞, –ø—Ä–æ–¥–æ–ª–∂–∞–π—Ç–µ –±–µ–∑ –º–µ–Ω—è!"
confirmDeleteAccountTitle,Delete account dialog,Confirm your account deletion,Confirm your account deletion,–ü–æ–¥—Ç–≤–µ—Ä–¥–∏—Ç–µ —É–¥–∞–ª–µ–Ω–∏–µ –∞–∫–∫–∞—É–Ω—Ç–∞
confirmDeleteAccountCancelMessage,Delete account dialog,"Changed my mind, cancel","Changed my mind, cancel","–ü–µ—Ä–µ–¥—É–º–∞–ª, –æ—Ç–º–µ–Ω–∞"
confirmDeleteAccountOkMessage,Delete account dialog,Farewell!,Farewell!,–ü—Ä–æ—â–∞–π—Ç–µ!
accountDeleted,Delete account page,Account deleted,Account deleted,–ê–∫–∫–∞—É–Ω—Ç —É–¥–∞–ª–µ–Ω
accountDeletedBody,Delete account page,"Your account has been scheduled for deletion on {date}.

If you change your mind, you can restore your account anytime before this date.

Simply click the button below to cancel the deletion and keep your account safe.","Your account has been scheduled for deletion on {date}.

If you change your mind, you can restore your account anytime before this date.

Simply click the button below to cancel the deletion and keep your account safe.","–í–∞—à –∞–∫–∫–∞—É–Ω—Ç –∑–∞–ø–ª–∞–Ω–∏—Ä–æ–≤–∞–Ω –Ω–∞ —É–¥–∞–ª–µ–Ω–∏–µ {date}.

–ï—Å–ª–∏ –≤—ã –ø–µ—Ä–µ–¥—É–º–∞–µ—Ç–µ, –≤—ã –º–æ–∂–µ—Ç–µ –≤–æ—Å—Å—Ç–∞–Ω–æ–≤–∏—Ç—å —Å–≤–æ–π –∞–∫–∫–∞—É–Ω—Ç –≤ –ª—é–±–æ–µ –≤—Ä–µ–º—è –¥–æ —ç—Ç–æ–π –¥–∞—Ç—ã.

–ü—Ä–æ—Å—Ç–æ –Ω–∞–∂–º–∏—Ç–µ –∫–Ω–æ–ø–∫—É –Ω–∏–∂–µ, —á—Ç–æ–±—ã –æ—Ç–º–µ–Ω–∏—Ç—å —É–¥–∞–ª–µ–Ω–∏–µ –∏ —Å–æ—Ö—Ä–∞–Ω–∏—Ç—å –≤–∞—à –∞–∫–∫–∞—É–Ω—Ç."
accountDeletedAction,Delete account page,üî•üèÜ Undo the Goodbye ü•áüî•,üî•üèÜ Undo the Goodbye ü•áüî•,üî•üèÜ –û—Ç–º–µ–Ω–∏—Ç—å —É–¥–∞–ª–µ–Ω–∏–µ ü•áüî•
about,Generic label,About,About,–û –ø—Ä–∏–ª–æ–∂–µ–Ω–∏–∏
records,Generic label,Records,Records,–†–µ–∫–æ—Ä–¥—ã
charts,Generic label,Charts,Charts,–ì—Ä–∞—Ñ–∏–∫–∏
emptyExerciseHistoryTitle,Exercise history empty state,Ghost Reps Detected üëª,Ghost Reps Detected üëª,–û–±–Ω–∞—Ä—É–∂–µ–Ω—ã –ø—Ä–∏–∑—Ä–∞—á–Ω—ã–µ –ø–æ–≤—Ç–æ—Ä–µ–Ω–∏—è üëª
emptyExerciseHistoryBody,Exercise history empty state,Your exercise history is emptier than a gym on a Monday morning. Time to fill it up with some glorious PRs!,Your exercise history is emptier than a gym on a Monday morning. Time to fill it up with some glorious PRs!,–í–∞—à–∞ –∏—Å—Ç–æ—Ä–∏—è —Ç—Ä–µ–Ω–∏—Ä–æ–≤–æ–∫ –ø—É—Å—Ç–∞ –∫–∞–∫ —Å–ø–æ—Ä—Ç–∑–∞–ª –≤ –ø–æ–Ω–µ–¥–µ–ª—å–Ω–∏–∫ —É—Ç—Ä–æ–º. –ü–æ—Ä–∞ –∑–∞–ø–æ–ª–Ω–∏—Ç—å –µ–µ –ª–∏—á–Ω—ã–º–∏ —Ä–µ–∫–æ—Ä–¥–∞–º–∏!
errorExerciseHistoryTitle,Exercise history empty state,Oops! Someone Skipped the Data Day ü§∑‚Äç‚ôÄÔ∏è,Oops! Someone Skipped the Data Day ü§∑‚Äç‚ôÄÔ∏è,–£–ø—Å! –ö—Ç–æ-—Ç–æ –ø—Ä–æ–ø—É—Å—Ç–∏–ª –¥–µ–Ω—å –¥–∞–Ω–Ω—ã—Ö ü§∑‚Äç‚ôÄÔ∏è
errorExerciseHistoryBody,Exercise history empty state,"Looks like the app tripped over its own shoelaces. Try again, and we promise to tie them tighter next time!","Looks like the app tripped over its own shoelaces. Try again, and we promise to tie them tighter next time!","–ü–æ—Ö–æ–∂–µ, –ø—Ä–∏–ª–æ–∂–µ–Ω–∏–µ —Å–ø–æ—Ç–∫–Ω—É–ª–æ—Å—å –æ —Å–≤–æ–∏ —à–Ω—É—Ä–∫–∏. –ü–æ–ø—Ä–æ–±—É–π—Ç–µ —Å–Ω–æ–≤–∞, –∏ –º—ã –æ–±–µ—â–∞–µ–º –∑–∞–≤—è–∑–∞—Ç—å –∏—Ö –∫—Ä–µ–ø—á–µ –≤ —Å–ª–µ–¥—É—é—â–∏–π —Ä–∞–∑!"
personalRecords,"Records screen, title",Personal records,Personal records,–õ–∏—á–Ω—ã–µ —Ä–µ–∫–æ—Ä–¥—ã
maxDuration,"Records screen, metric name",Max duration,Max duration,–ú–∞–∫—Å. –¥–ª–∏—Ç–µ–ª—å–Ω–æ—Å—Ç—å
maxDistance,"Records screen, metric name",Max distance,Max distance,–ú–∞–∫—Å. –¥–∏—Å—Ç–∞–Ω—Ü–∏—è
maxWeight,"Records screen, metric name",Max weight,Max weight,–ú–∞–∫—Å. –≤–µ—Å
maxReps,"Records screen, metric name",Max reps,Max reps,–ú–∞–∫—Å. –ø–æ–≤—Ç–æ—Ä–µ–Ω–∏–π
capturePhoto,Image picker menu,Take a new photo,Take a new photo,–°–¥–µ–ª–∞—Ç—å –Ω–æ–≤–æ–µ —Ñ–æ—Ç–æ
chooseFromGallery,Image picker menu,Choose from library,Choose from library,–í—ã–±—Ä–∞—Ç—å –∏–∑ –≥–∞–ª–µ—Ä–µ–∏
removeCurrentPhoto,Image picker menu,Remove current photo,Remove current photo,–£–¥–∞–ª–∏—Ç—å —Ç–µ–∫—É—â–µ–µ —Ñ–æ—Ç–æ
mine,"Possessive pronoun, as in ""My exercises""",Mine,Mine,–ú–æ–∏
goToWorkout,Label for button that pulls up active workout UI,Go to Workout,Go to Workout,–ö —Ç—Ä–µ–Ω–∏—Ä–æ–≤–∫–µ
setTimer,Label for button that adds a rest timer to an exercise,Set timer,Set timer,–£—Å—Ç–∞–Ω–æ–≤–∏—Ç—å —Ç–∞–π–º–µ—Ä
updateRequiredTitle,"Force update screen, title",Oops. That one‚Äôs on us,Oops. That one's on us,–£–ø—Å! –≠—Ç–æ –Ω–∞—à–∞ –≤–∏–Ω–∞
updateRequiredBody,"Force update screen, body","There‚Äôs an important update waiting ‚Äî one that keeps your app working as it should.

You‚Äôll need to install it before continuing.
Thanks for your patience ‚Äî and sorry for the interruption.","There's an important update waiting ‚Äî one that keeps your app working as it should.

You'll need to install it before continuing.
Thanks for your patience ‚Äî and sorry for the interruption.","–î–æ—Å—Ç—É–ø–Ω–æ –≤–∞–∂–Ω–æ–µ –æ–±–Ω–æ–≤–ª–µ–Ω–∏–µ ‚Äî –æ–Ω–æ –Ω–µ–æ–±—Ö–æ–¥–∏–º–æ –¥–ª—è –ø—Ä–∞–≤–∏–ª—å–Ω–æ–π —Ä–∞–±–æ—Ç—ã –ø—Ä–∏–ª–æ–∂–µ–Ω–∏—è.

–í–∞–º –Ω—É–∂–Ω–æ —É—Å—Ç–∞–Ω–æ–≤–∏—Ç—å –µ–≥–æ, —á—Ç–æ–±—ã –ø—Ä–æ–¥–æ–ª–∂–∏—Ç—å.
–°–ø–∞—Å–∏–±–æ –∑–∞ —Ç–µ—Ä–ø–µ–Ω–∏–µ ‚Äî –∏ –∏–∑–≤–∏–Ω–∏—Ç–µ –∑–∞ –ø—Ä–µ—Ä—ã–≤–∞–Ω–∏–µ."
updateRequiredCta,"Force update screen, CTA",Update on the {storeName},Update on the {storeName},–û–±–Ω–æ–≤–∏—Ç—å –≤ {storeName}
addPhoto,Menu item that allows to add photo to a workout,Add photo,Add photo,–î–æ–±–∞–≤–∏—Ç—å —Ñ–æ—Ç–æ
editWorkoutName,Menu item that allows to edit workout name,Edit workout name,Edit workout name,–ò–∑–º–µ–Ω–∏—Ç—å –Ω–∞–∑–≤–∞–Ω–∏–µ —Ç—Ä–µ–Ω–∏—Ä–æ–≤–∫–∏
cropImage,Label in the image cropper,Crop image,Crop image,–û–±—Ä–µ–∑–∞—Ç—å –∏–∑–æ–±—Ä–∞–∂–µ–Ω–∏–µ
removePhoto,Menu item that allows to remove photo from a workout,Remove photo,Remove photo,–£–¥–∞–ª–∏—Ç—å —Ñ–æ—Ç–æ
aboutExercise,Menu item that opens exercise details,About exercise,About exercise,–û–± —É–ø—Ä–∞–∂–Ω–µ–Ω–∏–∏
myDashboard,Title of the dashboard screen with performance charts,My Dashboard,My Dashboard,–ú–æ—è –ø–∞–Ω–µ–ª—å
newChart,Button that allows to create a new chart,New chart,New chart,–ù–æ–≤—ã–π –≥—Ä–∞—Ñ–∏–∫
emptyChartStateTitle,Empty state for chart widget,Looks a little empty here,Looks a little empty here,–¢—É—Ç –Ω–µ–º–Ω–æ–≥–æ –ø—É—Å—Ç–æ
emptyChartStateBody,Empty state for chart widget,Add your first set to start tracking real progress,Add your first set to start tracking real progress,–î–æ–±–∞–≤—å—Ç–µ –ø–µ—Ä–≤—ã–π –ø–æ–¥—Ö–æ–¥ —á—Ç–æ–±—ã –Ω–∞—á–∞—Ç—å –æ—Ç—Å–ª–µ–∂–∏–≤–∞—Ç—å —Ä–µ–∞–ª—å–Ω—ã–π –ø—Ä–æ–≥—Ä–µ—Å—Å
topSetWeight,"For a given exercise session, the heaviest weight used in any single working set (ignoring warmups if you tag them). Used as a simple strength-progression chart over time.",Top set weight,Top set weight,–í–µ—Å —Ç–æ–ø–æ–≤–æ–≥–æ –ø–æ–¥—Ö–æ–¥–∞
estimatedOneRepMax,"An estimated one-repetition maximum calculated from the best set in a workout (weight + reps) using a standard 1RM formula. Displayed as a trend line, not a guaranteed true max.",Estimated 1RM,Estimated 1RM,–†–∞—Å—á–µ—Ç–Ω—ã–π 1–ü–ú
totalVolume,"Total work performed for an exercise in a session or time window, computed as the sum of (weight √ó reps) across all sets. Useful for tracking training load over time.",Total volume,Total volume,–û–±—â–∏–π –æ–±—ä–µ–º
averageWorkingWeight,"Average weight used across working sets for an exercise, typically weighted by reps or sets. Helps smooth out noise from a single heavy or light set when charting progress.",Average working weight,Average working weight,–°—Ä–µ–¥–Ω–∏–π —Ä–∞–±–æ—á–∏–π –≤–µ—Å
addedWeightTopSet,"For weighted bodyweight exercises, the heaviest external load added (e.g., belt/vest) in any set of a session. Does not include bodyweight itself.",Added weight (top set),Added weight (top set),–î–æ–ø. –≤–µ—Å (—Ç–æ–ø–æ–≤—ã–π –ø–æ–¥—Ö–æ–¥)
assistanceWeight,"For assisted bodyweight exercises, the amount of assistance provided (e.g., machine counterweight or band assistance). Lower values typically indicate progression toward unassisted reps.",Assistance weight,Assistance weight,–í–µ—Å –ø–æ–º–æ—â–∏
maxRepsInSet,Highest number of repetitions completed in any single set for the selected exercise within a workout or time window. Used to track capacity improvements on reps-only movements.,Max reps in a set,Max reps in a set,–ú–∞–∫—Å. –ø–æ–≤—Ç–æ—Ä–µ–Ω–∏–π –≤ –ø–æ–¥—Ö–æ–¥–µ
totalReps,"Total repetitions completed for an exercise within a workout or time window, summed across all sets. Useful for reps-only exercises and high-rep accessory work.",Total reps,Total reps,–í—Å–µ–≥–æ –ø–æ–≤—Ç–æ—Ä–µ–Ω–∏–π
cardioDistance,"For cardio exercises, total distance completed in a session (e.g., kilometers or miles depending on user units). Often charted per workout to show endurance progression.",Distance,Distance,–î–∏—Å—Ç–∞–Ω—Ü–∏—è
cardioDuration,"For cardio exercises, total time spent in the session. Can be charted alone or paired with distance to derive pace when both are available.",Duration,Duration,–î–ª–∏—Ç–µ–ª—å–Ω–æ—Å—Ç—å
averagePace,"For cardio exercises, average pace computed from distance and duration (time per unit distance, e.g., min/km). Only valid when both distance and duration are present and reliable.",Average pace,Average pace,–°—Ä–µ–¥–Ω–∏–π —Ç–µ–º–ø
totalTimeUnderTension,"For duration-based exercises, total accumulated time across all sets in a session or time window. Used to chart consistency and gradual increases for holds or mobility work.",Total time under tension,Total time under tension,–û–±—â–µ–µ –≤—Ä–µ–º—è –ø–æ–¥ –Ω–∞–≥—Ä—É–∑–∫–æ–π